Month,Principal Payment,Interest,Remaining Balance
1,102.44093417928718,487.5,99897.55906582071
2,102.94033373341125,487.00060044587593,99794.6187320873
3,103.44216786036162,486.49876631892556,99691.17656422693
4,103.94644842868087,485.9944857506063,99587.23011579824
5,104.45318736477077,485.4877468145164,99482.77692843348
6,104.96239665317398,484.9785375261132,99377.8145317803
7,105.47408833685824,484.46684584242894,99272.34044344343
8,105.98827451750043,483.95265966178675,99166.35216892594
9,106.50496735577326,483.4359668235139,99059.84720157017
10,107.0241790716326,482.9167551076546,98952.82302249853
11,107.54592194460685,482.39501223468034,98845.27710055393
12,108.07020831408681,481.87072586520037,98737.20689223983
13,108.59705057961799,481.3438835996692,98628.60984166022
14,109.12646120119359,480.8144729780936,98519.48338045903
15,109.6584526995494,480.2824814797378,98409.82492775949
16,110.1930376564597,479.7478965228275,98299.63189010303
17,110.73022871503491,479.21070546425227,98188.901661388
18,111.2700385800207,478.6708955992665,98077.63162280797
19,111.81248001809837,478.1284541611888,97965.81914278987
20,112.35756585818655,477.58336832110064,97853.46157693169
21,112.90530899174519,477.035625187542,97740.55626793994
22,113.45572237307994,476.48521180620725,97627.10054556686
23,114.00881901964874,475.93211515963844,97513.09172654721
24,114.56461201236954,475.37632216691765,97398.52711453484
25,115.12311449592983,474.81781968335736,97283.4040000389
26,115.68433967909749,474.2565945001897,97167.71966035981
27,116.24830083503309,473.6926333442541,97051.47135952477
28,116.81501130160393,473.12592287768325,96934.65634822317
29,117.38448448169925,472.55644969758794,96817.27186374148
30,117.95673384354745,471.98420033573973,96699.31512989794
31,118.53177292103476,471.4091612582524,96580.7833569769
32,119.10961531402478,470.8313188652624,96461.67374166287
33,119.69027468868069,470.2506594906065,96341.9834669742
34,120.27376477778796,469.6671694014992,96221.70970219641
35,120.86009938107964,469.08083479820755,96100.84960281533
36,121.44929236556243,468.49164181372475,95979.40031044977
37,122.04135766584454,467.89957651344264,95857.35895278392
38,122.63630928446554,467.30462489482164,95734.72264349945
39,123.23416129222738,466.7067728870598,95611.48848220722
40,123.83492782852699,466.1060063507602,95487.65355437869
41,124.43862310169106,465.5023110775961,95363.21493127699
42,125.04526138931186,464.8956727899753,95238.16966988768
43,125.65485703858474,464.28607714070245,95112.5148128491
44,126.26742446664781,463.6735097126394,94986.24738838246
45,126.88297816092273,463.05795601836445,94859.36441022153
46,127.50153267945723,462.43940149982996,94731.86287754208
47,128.12310265126956,461.8178315280176,94603.73977489081
48,128.7477027766945,461.1932314025927,94474.99207211411
49,129.37534782773088,460.5655863515563,94345.61672428637
50,130.00605264839112,459.93488153089606,94215.61067163799
51,130.63983215505198,459.3011020242352,94084.97083948294
52,131.2767013368079,458.6642328424793,93953.69413814612
53,131.91667525582483,458.02425892346236,93821.7774628903
54,132.559769047697,457.3811651315902,93689.2176938426
55,133.2059979218045,456.7349362574827,93556.0116959208
56,133.8553771616733,456.0855570176139,93422.15631875912
57,134.50792212533645,455.43301205395073,93287.64839663378
58,135.16364824569752,454.77728593358967,93152.48474838809
59,135.82257103089523,454.11836314839195,93016.6621773572
60,136.48470606467083,453.45622811461635,92880.17747129253
61,137.15006900673615,452.79086517255104,92743.02740228579
62,137.81867559314395,452.12225858614323,92605.20872669265
63,138.4905416366605,451.4503925426267,92466.71818505599
64,139.16568302713927,450.7752511521479,92327.55250202885
65,139.84411573189652,450.09681844739066,92187.70838629694
66,140.52585579608956,449.4150783831976,92047.18253050085
67,141.2109193430955,448.7300148361917,91905.97161115776
68,141.89932257489312,448.04161160439406,91764.07228858286
69,142.59108177244576,447.3498524068414,91621.48120681041
70,143.28621329608643,446.65472088320075,91478.19499351432
71,143.98473358590485,445.95620059338233,91334.21025992841
72,144.68665916213615,445.25427501715103,91189.52360076628
73,145.39200662555157,444.5489275537356,91044.13159414072
74,146.10079265785117,443.840141521436,90898.03080148288
75,146.81303402205816,443.127900157229,90751.21776746082
76,147.52874756291567,442.4121866163715,90603.68901989791
77,148.24795020728487,441.6929839720023,90455.44106969063
78,148.97065896454535,440.97027521474183,90306.47041072608
79,149.69689092699758,440.2440432522896,90156.77351979908
80,150.42666327026666,439.5142709090205,90006.34685652882
81,151.15999325370916,438.780940925578,89855.18686327511
82,151.89689822082102,438.04403595846617,89703.2899650543
83,152.6373955996475,437.3035385796397,89550.65256945464
84,153.38150290319578,436.5594312760914,89397.27106655145
85,154.1292377298489,435.8116964494383,89243.1418288216
86,154.8806177637819,435.06031641550527,89088.2612110578
87,155.63566077538036,434.3052734039068,88932.62555028242
88,156.39438462166038,433.5465495576268,88776.23116566076
89,157.15680724669096,432.7841269325962,88619.07435841407
90,157.92294668201856,432.0179874972686,88461.15141173205
91,158.69282104709345,431.24811313219374,88302.45859068495
92,159.46644854969804,430.47448562958914,88142.99214213525
93,160.24384748637783,429.69708669290935,87982.74829464887
94,161.0250362428739,428.9158979364133,87821.723258406
95,161.81003329455797,428.1309008847292,87659.91322511144
96,162.59885720686896,427.3420769724182,87497.31436790456
97,163.39152663575243,426.54940754353476,87333.92284126881
98,164.18806032810176,425.7528738511854,87169.73478094071
99,164.98847712220123,424.95245705708595,87004.74630381851
100,165.79279594817194,424.14813823111524,86838.95350787033
101,166.6010358284193,423.3398983508679,86672.35247204191
102,167.4132158780829,422.5277183012043,86504.93925616382
103,168.22935530548853,421.71157887379866,86336.70990085833
104,169.04947341260282,420.89146076668436,86167.66042744573
105,169.87358959548925,420.06734458379793,85997.78683785025
106,170.70172334476723,419.23921083451995,85827.08511450548
107,171.53389424607298,418.4070399332142,85655.55122025941
108,172.37012198052258,417.5708121987646,85483.18109827889
109,173.2104263251776,416.7305078541096,85309.9706719537
110,174.05482715351286,415.8861070257743,85135.9158448002
111,174.9033444358862,415.037589743401,84961.01250036432
112,175.75599824001114,414.18493593927604,84785.2565021243
113,176.6128087314312,413.328125447856,84608.64369339288
114,177.4737961739969,412.4671380052903,84431.16989721888
115,178.33898093034514,411.60195324894204,84252.83091628853
116,179.2083834623806,410.7325507169066,84073.62253282615
117,180.08202433175973,409.85890984752746,83893.54050849439
118,180.95992420037703,408.98100997891015,83712.58058429402
119,181.84210383085383,408.09883034843335,83530.73848046316
120,182.72858408702928,407.2123500922579,83348.00989637613
121,183.6193859344536,406.3215482448336,83164.39051044168
122,184.51453044088402,405.42640373840317,82979.8759800008
123,185.4140387767833,404.5268954025039,82794.46194122401
124,186.31793221582012,403.62300196346706,82608.14400900819
125,187.22623213537224,402.71470204391494,82420.91777687281
126,188.13896001703222,401.80197416225496,82232.77881685577
127,189.0561374471153,400.8847967321719,82043.72267940866
128,189.97778611716996,399.9631480621172,81853.74489329148
129,190.90392782449118,399.037006354796,81662.840965467
130,191.83458447263558,398.1063497066516,81471.00638099435
131,192.7697780719397,397.1711561073475,81278.2366029224
132,193.70953074004046,396.2314034392467,81084.52707218236
133,194.65386470239815,395.28706947688903,80889.87320747996
134,195.6028022928224,394.3381318864648,80694.27040518714
135,196.5563659539999,393.3845682252873,80497.71403923313
136,197.51457823802565,392.42635594126153,80300.1994609951
137,198.47746180693605,391.46347237235113,80101.72199918817
138,199.44503943324486,390.4958947460423,79902.27695975493
139,200.4173340004819,389.5236001788053,79701.85962575446
140,201.3943685037342,388.546565675553,79500.46525725072
141,202.3761660501899,387.5647681290973,79298.08909120053
142,203.36274985968464,386.57818431960254,79094.72634134084
143,204.35414326525063,385.58679091403656,78890.37219807558
144,205.35036971366873,384.59056446561846,78685.02182836192
145,206.35145276602282,383.58948141326437,78478.67037559589
146,207.3574160982572,382.58351808103,78271.31295949763
147,208.36828350173624,381.57265067755094,78062.9446759959
148,209.3840788838072,380.55685529548,77853.56059711208
149,210.4048262683658,379.5361079109214,77643.15577084372
150,211.43054979642403,378.51038438286315,77431.7252210473
151,212.4612737266816,377.4796604526056,77219.2639473206
152,213.4970224360992,376.443911743188,77005.7669248845
153,214.5378204204752,375.40311375881197,76791.22910446403
154,215.58369229502506,374.3572418842621,76575.645412169
155,216.63466279496328,373.3062713843239,76359.01074937404
156,217.69075677608873,372.25017740319845,76141.31999259794
157,218.75199921537222,371.18893496391496,75922.56799338257
158,219.81841521154712,370.12251896774006,75702.74957817103
159,220.8900299857034,369.0509041935838,75481.85954818533
160,221.96686888188373,367.97406529740346,75259.89267930345
161,223.04895736768287,366.8919768116043,75036.84372193576
162,224.13632103485037,365.8046131444368,74812.70740090091
163,225.22898559989528,364.7119485793919,74587.47841530101
164,226.32697690469473,363.61395727459245,74361.15143839632
165,227.43032091710512,362.51061326218206,74133.72111747922
166,228.539043731576,361.4018904477112,73905.18207374764
167,229.65317156976744,360.28776260951975,73675.52890217787
168,230.77273078117003,359.16820339811716,73444.7561713967
169,231.89774784372827,358.0431863355589,73212.85842355297
170,233.02824936446643,356.91268481482075,72979.83017418851
171,234.1642620801182,355.776672099169,72745.6659121084
172,235.30581285775878,354.6351213215284,72510.36009925064
173,236.45292869544033,353.48800548384685,72273.9071705552
174,237.60563672283058,352.3352974564566,72036.30153383237
175,238.76396420185438,351.1769699774328,71797.53756963053
176,239.92793852733837,350.0129956519488,71557.60963110319
177,241.09758722765912,348.84334695162806,71316.51204387553
178,242.27293796539402,347.66799621389316,71074.23910591014
179,243.4540185379753,346.4869156413119,70830.78508737216
180,244.6408568783479,345.3000773009393,70586.14423049381
181,245.83348105562987,344.1074531236573,70340.31074943818
182,247.03191927577603,342.90901490351115,70093.27883016241
183,248.23619988224544,341.70473429704174,69845.04263028016
184,249.44635135667136,340.4945828226158,69595.59627892349
185,250.66240231953515,339.27853185975204,69344.93387660396
186,251.88438153084286,338.0565526484443,69093.04949507311
187,253.1123178908058,336.8286162884814,68839.9371771823
188,254.34624044052345,335.59469373876374,68585.59093674178
189,255.58617836267103,334.35475581661615,68330.0047583791
190,256.83216098218907,333.1087731970981,68073.17259739692
191,258.08421776697725,331.85671641230994,67815.08837962993
192,259.3423783285913,330.5985558506959,67555.74600130133
193,260.6066724229432,329.334261756344,67295.13932887839
194,261.87712995100503,328.06380422828215,67033.26219892738
195,263.1537809595162,326.78715321977097,66770.10841796786
196,264.43665564169385,325.50427853759334,66505.67176232616
197,265.7257843379471,324.21514984134006,66239.94597798822
198,267.0211975365946,322.91973664269256,65972.92478045162
199,268.32292587458556,321.6180083047016,65704.60185457703
200,269.6310001382241,320.30993404106306,65434.97085443881
201,270.94545126389795,318.99548291538923,65164.025403174914
202,272.2663103388095,317.6746238404777,64891.7590928361
203,273.5936086017112,316.347325577576,64618.16548423439
204,274.9273774436445,315.0135567356427,64343.23810679075
205,276.2676484086823,313.6732857706049,64066.970458382064
206,277.61445319467464,312.32648098461254,63789.35600518739
207,278.96782365399866,310.9731105252885,63510.38818153339
208,280.3277917943119,309.6131423849753,63230.060389739076
209,281.6943897793092,308.246544399978,62948.365999959766
210,283.0676499294833,306.8732842498039,62665.29835003028
211,284.4476047228896,305.4933294563976,62380.85074530739
212,285.83428679591367,304.1066473833735,62095.016458511476
213,287.22772894404375,302.71320523524344,61807.78872956743
214,288.62796412264595,301.31297005664123,61519.16076544479
215,290.03502544774386,299.9059087315433,61229.12573999704
216,291.4489461968016,298.49198798248557,60937.67679380024
217,292.86975980951104,297.07117436977614,60644.80703399073
218,294.29749988858237,295.6434342907048,60350.509534102144
219,295.73220020053924,294.20873397874794,60054.777333901606
220,297.17389467651685,292.76703950277033,59757.60343922509
221,298.62261741306486,291.3183167662223,59458.98082181202
222,300.0784026729536,289.8625315063336,59158.90241913907
223,301.5412848859842,288.39964929330296,58857.361134253086
224,303.0112986498034,286.9296355294838,58554.34983560328
225,304.48847873072117,285.452455448566,58249.861356872556
226,305.97286006453345,283.96807411475373,57943.888496808024
227,307.46447775734805,282.47645642193913,57636.424019050675
228,308.96336708641513,280.97756709287205,57327.46065196426
229,310.4695635009614,279.4713706783258,57016.9910884633
230,311.9831026230286,277.95783155625855,56705.00798584027
231,313.5040202483159,276.4369139309713,56391.50396559195
232,315.0323523470264,274.9085818322608,56076.471613244925
233,316.56813506471815,273.37279911456903,55759.903478180204
234,318.11140472315867,271.8295294561285,55441.79207345704
235,319.6621978211841,270.27873635810306,55122.12987563586
236,321.2205510355624,268.7203831437248,54800.909324600296
237,322.78650122186076,267.1544329574264,54478.122823378435
238,324.3600854153173,265.58084876396987,54153.762737963116
239,325.941340831717,263.99959334757017,53827.821397131396
240,327.5303048682716,262.41062931101555,53500.29109226313
241,329.12701510450444,260.81391907478275,53171.164077158624
242,330.73150930313886,259.2094248761483,52840.43256785549
243,332.34382541099166,257.5971087682955,52508.088742444495
244,333.96400155987027,255.9769326194169,52174.124740884625
245,335.59207606747464,254.34885811181255,51838.53266481715
246,337.2280874383036,252.7128467409836,51501.30457737884
247,338.8720743645654,251.06885981472183,51162.43250301427
248,340.5240757270926,249.41685845219456,50821.90842728718
249,342.1841305962622,247.75680358302498,50479.72429669092
250,343.85227823291893,246.08865594636822,50135.872018458
251,345.5285580893044,244.41237608998276,49790.3434603687
252,347.2130098099898,242.7279243692974,49443.13045055871
253,348.90567323281346,241.03526094647373,49094.2247773259
254,350.6065883898234,239.33434578946375,48743.618188936074
255,352.3157955082238,237.62513867106335,48391.30239342785
256,354.03333501132636,235.9075991679608,48037.269058416525
257,355.75924751950663,234.18168665978055,47681.50981089702
258,357.49357385116423,232.44736032812298,47324.01623704586
259,359.23635502368865,230.70457915559854,46964.779882022165
260,360.9876322544291,228.95330192485807,46603.792249767735
261,362.7474469616695,227.1934872176177,46241.044802806064
262,364.51584076560766,225.42509341367955,45876.52896204046
263,366.29285548933996,223.64807868994723,45510.23610655112
264,368.0785331598505,221.8624010194367,45142.15757339127
265,369.8729160090047,220.06801817028244,44772.28465738226
266,371.6760464745487,218.26488770473853,44400.608610907715
267,373.48796720111204,216.4529669781751,44027.1206437066
268,375.3087210412175,214.63221313806966,43651.81192266538
269,377.13835105629346,212.80258312299372,43274.673571609084
270,378.9769005176929,210.9640336615943,42895.69667109139
271,380.8244129077167,209.11652127157052,42514.87225818368
272,382.6809319206418,207.26000225864541,42132.19132626303
273,384.5465014637549,205.39443271553228,41747.64482479928
274,386.4211656583907,203.5197685208965,41361.22365914089
275,388.30496884097533,201.63596533831182,40972.91869029991
276,390.1979555640751,199.74297861521208,40582.72073473584
277,392.10017059744996,197.84076358183722,40190.62056413839
278,394.0116589291125,195.92927525017467,39796.60890520928
279,395.93246576639194,194.00846841289524,39400.67643944289
280,397.8626365370031,192.0782976422841,39002.81380290589
281,399.802216890121,190.1387172891662,38603.01158601577
282,401.75125269746036,188.18968148182685,38201.26033331831
283,403.70979005436044,186.23114412492674,37797.55054326395
284,405.67787528087547,184.26305889841174,37391.87266798307
285,407.65555492286967,182.28537925641749,36984.2171130602
286,409.6428757531187,180.29805842616847,36574.57423730708
287,411.63988477241514,178.30104940687204,36162.93435253467
288,413.64662921068066,176.29430496860653,35749.28772332399
289,415.6631565280827,174.27777765120447,35333.62456679591
290,417.6895144161571,172.25141976313006,34915.935052379755
291,419.7257507989359,170.2151833803513,34496.20930158082
292,421.7719138340807,168.1690203452065,34074.43738774674
293,423.82805191402184,166.11288226526534,33650.60933583271
294,425.8942136671027,164.04672051218446,33224.71512216561
295,427.97044795872984,161.97048622055735,32796.74467420688
296,430.05680389252865,159.88413028675853,32366.68787031435
297,432.1533308115047,157.78760336778245,31934.534539502845
298,434.2600782992108,155.68085588007636,31500.274461203633
299,436.37709618091947,153.56383799836772,31063.897365022713
300,438.50443452480147,151.43649965448571,30625.39293049791
301,440.6421436431099,149.2987905361773,30184.750786854802
302,442.79027409337004,147.15066008591717,29741.96051276143
303,444.9488766795752,144.99205749971196,29297.011636081854
304,447.11800245338816,142.82293172589902,28849.893633628464
305,449.2977027153484,140.64323146393878,28400.595930913114
306,451.48802901608576,138.45290516320142,27949.107901897027
307,453.68903315753914,136.251901021748,27495.41886873949
308,455.9007671941822,134.040166985105,27039.518101545305
309,458.12328343425384,131.81765074503338,26581.39481811105
310,460.3566344409958,129.58429973829138,26121.038183670054
311,462.60087303389565,127.34006114539152,25658.43731063616
312,464.8560522899359,125.08488188935128,25193.581258346225
313,467.12222554484936,122.81870863443784,24726.459032801376
314,469.39944639438045,120.5414877849067,24257.059586406995
315,471.6877686955531,118.2531654837341,23785.371817711442
316,473.9872465679439,115.95368761134328,23311.3845711435
317,476.2979343949626,113.64299978432456,22835.086636748536
318,478.61988682513805,111.32104735414912,22356.4667499234
319,480.9531587734106,108.98777540587656,21875.51359114999
320,483.297805422431,106.6431287568562,21392.21578572756
321,485.6538822238653,104.28705195542186,20906.561903503694
322,488.0214448997067,101.9194892795805,20418.540458603988
323,490.40054944359275,99.54038473569445,19928.139909160396
324,492.79125212213023,97.14968205715694,19435.348657038267
325,495.1936094762256,94.74732470306155,18940.155047562042
326,497.6076783224222,92.33325585686495,18442.54736923962
327,500.03351575424404,89.90741842504315,17942.513853485376
328,502.471179143546,87.4697550357412,17440.04267434183
329,504.9207261418708,85.02020803741641,16935.121948199958
330,507.3822146818124,82.5587194974748,16427.739733518145
331,509.85570297838626,80.08523120090095,15917.884030539759
332,512.3412495304059,77.59968464888132,15405.542781009353
333,514.8389131218665,75.1020210574206,14890.703867887487
334,517.3487528233356,72.5921813559515,14373.35511506415
335,519.8708279933494,70.07010618593773,13853.484287070802
336,522.405198279817,67.53573589947015,13331.079088790984
337,524.9519236214311,64.98901055785605,12806.127165169553
338,527.5110642490856,62.42986993020157,12278.616100920468
339,530.0826806872999,59.858253491987284,11748.533420233169
340,532.6668337556505,57.274100423636696,11215.866586477518
341,535.2635845702093,54.6773496090779,10680.603001907308
342,537.8729945449891,52.06793963429813,10142.73000736232
343,540.4951253933958,49.44580878589131,9602.234881968923
344,543.1300391296887,46.8108950495985,9059.104842839235
345,545.7777980704459,44.16313610884127,8513.32704476879
346,548.4384648360393,41.50246934324785,7964.888579932751
347,551.112102352115,38.82883182717216,7413.776477580635
348,553.7987738510816,36.1421603282056,6859.9777037295535
349,556.4985428736056,33.442391305681575,6303.479160855948
350,559.2114732701144,30.729460909172747,5744.267687585833
351,561.9376292023062,28.00330497698094,5182.330058383527
352,564.6770751446675,25.263859034619696,4617.65298323886
353,567.4298758859977,22.51105829328944,4050.223107352862
354,570.196096530942,19.7448376483452,3480.02701082192
355,572.9758025015303,16.96513167775686,2907.05120832039
356,575.7690595387253,14.171874640561901,2331.2821487816645
357,578.5759337039766,11.365000475310614,1752.7062150776878
358,581.3964913807835,8.544442798503729,1171.3097236969043
359,584.2307992762647,5.710134903022408,587.0789244206395
360,587.0789244227366,2.8620097565506177,-2.0970674086129293e-09
